{
  "project_info": {
    "project_number": "510640980760",
    "project_id": "visualizador-48a31",
    "storage_bucket": "visualizador-48a31.appspot.com"
  },
  "client": [
    {
      "client_info": {
        "mobilesdk_app_id": "1:510640980760:android:9393b30222cac7d649546d",
        "android_client_info": {
          "package_name": "com.example.visualizador"
        }
      },
      "oauth_client": [
        {
          "client_id": "510640980760-svmc5njcsfiv1ont1g7esspplkuj7vgo.apps.googleusercontent.com",
          "client_type": 3
        }
      ],
      "api_key": [
        {
          "current_key": "AIzaSyAaJGY-9utrTgUdH9FVEglCWA7qIB7anY4"
        }
      ],
      "services": {
        "appinvite_service": {
          "other_platform_oauth_client": [
            {
              "client_id": "510640980760-svmc5njcsfiv1ont1g7esspplkuj7vgo.apps.googleusercontent.com",
              "client_type": 3
            }
          ]
        }
      }
    }
  ],
  "configuration_version": "1"
}