{
  "project_info": {
    "project_number": "698788409102",
    "firebase_url": "https://lista-de-compras-3e6ce.firebaseio.com",
    "project_id": "lista-de-compras-3e6ce",
    "storage_bucket": "lista-de-compras-3e6ce.appspot.com"
  },
  "client": [
    {
      "client_info": {
        "mobilesdk_app_id": "1:698788409102:android:db46be552cd281418eb15f",
        "android_client_info": {
          "package_name": "com.example.listadecompras"
        }
      },
      "oauth_client": [
        {
          "client_id": "698788409102-u5p6dpsrpi1ks5g8nbpdphvki0veir3n.apps.googleusercontent.com",
          "client_type": 3
        }
      ],
      "api_key": [
        {
          "current_key": "AIzaSyArOaC7SEHXaktgpRwQC0H_dy_-UqOO76k"
        }
      ],
      "services": {
        "appinvite_service": {
          "other_platform_oauth_client": [
            {
              "client_id": "698788409102-u5p6dpsrpi1ks5g8nbpdphvki0veir3n.apps.googleusercontent.com",
              "client_type": 3
            }
          ]
        }
      }
    }
  ],
  "configuration_version": "1"
}